Corners,Pos
sw_x,-96.620996
sw_y,39.132018
nw_x,-96.620996
nw_y,39.132703
ne_x,-96.620331
ne_y,39.132703
se_x,-96.620331
se_y,39.132018